283 Lacon Court - Greenbackville (4729 Colorado),+1 (947) 491-3289,Alvarez.Hickman@gmail.com,Hickman,Alvarez
542 Luquer Street - Belgreen (1703 South Carolina),+1 (942) 482-3838,Sheena.Ross@gmail.com,Ross,Sheena
513 Temple Court - Mulberry (6956 North Carolina),+1 (903) 561-2467,Terri.Morgan@gmail.com,Morgan,Terri
753 Brevoort Place - Charco (4857 Florida),+1 (979) 456-3337,Miller.Christian@gmail.com,Christian,Miller
289 Ebony Court - Waiohinu (4137 Palau),+1 (841) 498-3965,Bradley.Nunez@gmail.com,Nunez,Bradley
403 Flatbush Avenue - Florence (2044 Kansas),+1 (877) 501-2665,Ray.Alvarez@gmail.com,Alvarez,Ray
505 Homecrest Court - Roosevelt (1128 Pennsylvania),+1 (835) 477-2913,Tamra.Walters@gmail.com,Walters,Tamra
691 Navy Street - Kaka (7994 Tennessee),+1 (960) 496-2125,William.Horn@gmail.com,Horn,William
858 Hoyts Lane - Bangor (3727 Ohio),+1 (803) 567-2770,Celia.Vinson@gmail.com,Vinson,Celia
653 Montana Place - Coventry (8550 South Dakota),+1 (872) 518-2501,Simone.Swanson@gmail.com,Swanson,Simone
307 Furman Avenue - Ruckersville (8514 Delaware),+1 (830) 581-2990,Selena.Wyatt@gmail.com,Wyatt,Selena
711 Pineapple Street - Greenock (4023 Nebraska),+1 (969) 497-3347,Lottie.Watson@gmail.com,Watson,Lottie
910 Lorimer Street - Bawcomville (7164 Arizona),+1 (900) 520-3589,Angeline.Hebert@gmail.com,Hebert,Angeline
491 Berriman Street - Caledonia (308 Louisiana),+1 (838) 579-2574,Hollie.Mack@gmail.com,Mack,Hollie
184 Beach Place - Bluffview (222 Guam),+1 (916) 561-3205,Bishop.Underwood@gmail.com,Underwood,Bishop
999 Holt Court - Turpin (548 Michigan),+1 (953) 488-2038,Hunt.Ellis@gmail.com,Ellis,Hunt
301 Colin Place - Disautel (8441 Missouri),+1 (987) 550-3427,Blake.Jimenez@gmail.com,Jimenez,Blake
972 Florence Avenue - Jugtown (8457 Utah),+1 (841) 522-3182,Gwendolyn.Hatfield@gmail.com,Hatfield,Gwendolyn
986 Vanderbilt Avenue - Norris (3255 Montana),+1 (908) 501-2541,Charlotte.Saunders@gmail.com,Saunders,Charlotte
850 Canton Court - Homeworth (5395 Arkansas),+1 (867) 575-3128,Sylvia.Parker@gmail.com,Parker,Sylvia
569 Clermont Avenue - Vowinckel (370 Maryland),+1 (835) 435-2420,Ruth.Stuart@gmail.com,Stuart,Ruth
300 Battery Avenue - Rosburg (5410 New Hampshire),+1 (804) 416-2463,Juanita.Rivers@gmail.com,Rivers,Juanita
987 Diamond Street - Keyport (4778 Rhode Island),+1 (964) 551-3662,Kris.Bush@gmail.com,Bush,Kris
982 Kossuth Place - Vicksburg (7064 Hawaii),+1 (810) 417-3192,Chaney.Vaughan@gmail.com,Vaughan,Chaney
398 Alabama Avenue - Conestoga (2642 Connecticut),+1 (919) 574-3877,Oneil.Higgins@gmail.com,Higgins,Oneil
556 Vine Street - Blue (7294 District Of Columbia),+1 (920) 498-2730,Deena.Schwartz@gmail.com,Schwartz,Deena
658 Grove Place - Crisman (6749 Alaska),+1 (883) 577-2014,Bridges.Mccarthy@gmail.com,Mccarthy,Bridges
667 Holmes Lane - Rehrersburg (3312 New Jersey),+1 (908) 467-3700,Luann.Hoffman@gmail.com,Hoffman,Luann
353 Freeman Street - Sattley (9465 Illinois),+1 (910) 541-2844,Edith.Carver@gmail.com,Carver,Edith
430 Jamaica Avenue - Cavalero (7688 West Virginia),+1 (961) 407-3552,Cornelia.Campbell@gmail.com,Campbell,Cornelia
131 Neptune Court - Hall (2952 Nevada),+1 (995) 555-2432,Cathryn.Butler@gmail.com,Butler,Cathryn
787 Strong Place - Sharon (9413 American Samoa),+1 (824) 439-3095,Reeves.Wallace@gmail.com,Wallace,Reeves
210 Bragg Street - Henrietta (2834 Massachusetts),+1 (903) 441-3819,Rebekah.Townsend@gmail.com,Townsend,Rebekah
277 Senator Street - Sunnyside (5241 Washington),+1 (952) 499-3788,Tricia.Berger@gmail.com,Berger,Tricia
899 Stuart Street - Riverton (8748 Wyoming),+1 (978) 541-3236,Mcclain.Yates@gmail.com,Yates,Mcclain
793 Ferry Place - Omar (9258 Georgia),+1 (987) 410-3742,Gardner.Franklin@gmail.com,Franklin,Gardner
732 Olive Street - Muir (3990 Mississippi),+1 (990) 575-3767,Morgan.Hyde@gmail.com,Hyde,Morgan
933 Rockwell Place - Dennard (353 New Mexico),+1 (935) 480-3478,Manuela.Thompson@gmail.com,Thompson,Manuela
802 Friel Place - Sheatown (8440 Puerto Rico),+1 (898) 461-3325,Tillman.Hoover@gmail.com,Hoover,Tillman
246 Dakota Place - Stewartville (1125 Iowa),+1 (964) 500-3824,Oneill.Day@gmail.com,Day,Oneill
573 Forbell Street - Graball (4941 Northern Mariana Islands),+1 (937) 577-2051,Adela.Vang@gmail.com,Vang,Adela
738 Roder Avenue - Irwin (431 Texas),+1 (840) 544-3331,Holloway.Meadows@gmail.com,Meadows,Holloway
682 Stuyvesant Avenue - Jacumba (6055 Oregon),+1 (854) 564-2545,Danielle.Duke@gmail.com,Duke,Danielle
220 Bay Street - Iola (6229 New York),+1 (802) 547-3703,Marietta.Weber@gmail.com,Weber,Marietta
659 Bond Street - Roland (1675 Wisconsin),+1 (906) 540-2836,Chasity.Mcgowan@gmail.com,Mcgowan,Chasity
822 Walker Court - Calverton (2765 Kentucky),+1 (894) 525-2349,Essie.Hicks@gmail.com,Hicks,Essie
856 Debevoise Street - Lutsen (8219 Minnesota),+1 (949) 491-3932,Faulkner.Silva@gmail.com,Silva,Faulkner
553 Polar Street - Chestnut (1953 Virginia),+1 (918) 600-2768,Benson.Haley@gmail.com,Haley,Benson
107 Hendrix Street - Dunnavant (1940 Maine),+1 (828) 497-3898,Lacey.Sloan@gmail.com,Sloan,Lacey
271 Congress Street - Escondida (2057 North Dakota),+1 (873) 487-3761,Brigitte.Young@gmail.com,Young,Brigitte
110 Schermerhorn Street - Greer (5615 Oklahoma),+1 (898) 482-3496,Coffey.David@gmail.com,David,Coffey
989 Harway Avenue - Witmer (8135 Idaho),+1 (994) 584-3629,Elizabeth.Barrett@gmail.com,Barrett,Elizabeth
725 Cropsey Avenue - Hiko (4645 Alabama),+1 (839) 484-2445,Luisa.Potter@gmail.com,Potter,Luisa
198 Ferris Street - Emory (1135 Vermont),+1 (883) 545-3206,Cox.Nixon@gmail.com,Nixon,Cox
576 Baycliff Terrace - Guthrie (7071 Marshall Islands),+1 (818) 540-3148,Cooper.Huber@gmail.com,Huber,Cooper
384 Ide Court - Sugartown (6881 Indiana),+1 (929) 516-2223,Sonia.Good@gmail.com,Good,Sonia
620 Matthews Court - Catherine (8731 Virgin Islands),+1 (974) 416-3423,Mccarty.Mcbride@gmail.com,Mcbride,Mccarty
443 Sedgwick Place - Singer (5137 California),+1 (843) 477-3718,Moreno.Atkins@gmail.com,Atkins,Moreno
793 Rockaway Parkway - Collins (1350 Colorado),+1 (990) 413-2299,Lakeisha.Jacobs@gmail.com,Jacobs,Lakeisha
175 Kings Hwy - Loveland (8520 South Carolina),+1 (909) 411-3328,Grace.Velasquez@gmail.com,Velasquez,Grace
319 Keen Court - Abiquiu (786 North Carolina),+1 (915) 437-3541,Solomon.Olson@gmail.com,Olson,Solomon
735 Gardner Avenue - Inkerman (8135 Florida),+1 (858) 428-2668,Jody.Wade@gmail.com,Wade,Jody
707 Meserole Street - Chalfant (9485 Palau),+1 (991) 581-3870,Flores.Carpenter@gmail.com,Carpenter,Flores
811 Sackett Street - Eastvale (7272 Kansas),+1 (904) 459-3557,Odom.Strong@gmail.com,Strong,Odom
347 Ainslie Street - Aguila (2806 Pennsylvania),+1 (968) 463-2915,Cecile.Rhodes@gmail.com,Rhodes,Cecile
898 Meserole Avenue - Sedley (7726 Tennessee),+1 (873) 493-3306,Rowland.Bentley@gmail.com,Bentley,Rowland
926 Caton Avenue - Wright (4583 Ohio),+1 (916) 583-3632,Alexandra.Holmes@gmail.com,Holmes,Alexandra
451 Story Street - Bowie (4548 South Dakota),+1 (933) 480-2277,Gutierrez.Walker@gmail.com,Walker,Gutierrez
650 McDonald Avenue - Ypsilanti (6987 Delaware),+1 (835) 591-2854,Dolly.Dunn@gmail.com,Dunn,Dolly
605 Cadman Plaza - Condon (4648 Nebraska),+1 (999) 511-2628,Sharon.Cox@gmail.com,Cox,Sharon
898 Roosevelt Place - Tryon (5041 Arizona),+1 (842) 559-3707,Mcknight.Martinez@gmail.com,Martinez,Mcknight
899 Schweikerts Walk - Shaft (4781 Louisiana),+1 (916) 593-2151,Sheree.Gomez@gmail.com,Gomez,Sheree
897 Rost Place - Baden (6672 Guam),+1 (895) 453-3429,Knapp.Boyle@gmail.com,Boyle,Knapp
646 Vandervoort Place - Richford (7519 Michigan),+1 (856) 569-2017,Frankie.Shepherd@gmail.com,Shepherd,Frankie
773 McKibbin Street - Fairmount (7372 Missouri),+1 (827) 476-2699,Aguilar.Aguilar@gmail.com,Aguilar,Aguilar
771 Benson Avenue - Wyoming (5340 Utah),+1 (811) 445-3751,Reva.Wilson@gmail.com,Wilson,Reva
991 Aitken Place - Logan (2577 Montana),+1 (865) 538-2657,Powell.Allen@gmail.com,Allen,Powell
403 Bills Place - Brandywine (5853 Arkansas),+1 (881) 501-3771,Althea.Russo@gmail.com,Russo,Althea
913 Clove Road - Norfolk (5990 Maryland),+1 (872) 482-2366,Alston.Payne@gmail.com,Payne,Alston
796 Townsend Street - Katonah (8921 New Hampshire),+1 (879) 439-2779,Summers.Woods@gmail.com,Woods,Summers
583 Forest Place - Konterra (7546 Rhode Island),+1 (846) 423-2402,Nellie.Gardner@gmail.com,Gardner,Nellie
884 Kenilworth Place - Cassel (1018 Hawaii),+1 (805) 575-2837,Spears.Small@gmail.com,Small,Spears
504 Bank Street - Bradenville (1099 Connecticut),+1 (862) 523-3778,Roberta.Palmer@gmail.com,Palmer,Roberta
690 Heath Place - Epworth (8774 District Of Columbia),+1 (943) 578-3020,Sandoval.Sutton@gmail.com,Sutton,Sandoval
813 Clymer Street - Harborton (5374 Alaska),+1 (862) 527-3237,Ratliff.Miller@gmail.com,Miller,Ratliff
445 Jardine Place - Alden (6000 New Jersey),+1 (907) 487-2917,Weaver.Knowles@gmail.com,Knowles,Weaver
638 Kermit Place - Jennings (5570 Illinois),+1 (972) 485-2370,Hartman.Lambert@gmail.com,Lambert,Hartman
307 Ivan Court - Harviell (1367 West Virginia),+1 (887) 593-2368,Guerrero.Hardy@gmail.com,Hardy,Guerrero
269 Sumpter Street - Diaperville (553 Nevada),+1 (818) 516-3962,Carla.Noble@gmail.com,Noble,Carla
716 Locust Street - Sterling (3530 American Samoa),+1 (910) 512-3040,Richard.Hopkins@gmail.com,Hopkins,Richard
722 Brightwater Court - Aurora (2506 Massachusetts),+1 (875) 426-3960,Donovan.Burt@gmail.com,Burt,Donovan
348 Schenectady Avenue - Leroy (6675 Washington),+1 (927) 492-3102,Alford.Lopez@gmail.com,Lopez,Alford
760 Hausman Street - Rowe (1325 Wyoming),+1 (925) 486-3266,Imelda.Osborne@gmail.com,Osborne,Imelda
232 Royce Place - Sims (7576 Georgia),+1 (829) 425-3926,Singleton.Tanner@gmail.com,Tanner,Singleton
238 Clifton Place - Eagleville (9947 Mississippi),+1 (809) 579-2748,Barry.Langley@gmail.com,Langley,Barry
393 Herkimer Place - Boling (9042 New Mexico),+1 (816) 437-3138,Haynes.Vaughn@gmail.com,Vaughn,Haynes
667 Horace Court - Lydia (2810 Puerto Rico),+1 (978) 596-3260,Young.Lindsey@gmail.com,Lindsey,Young
604 Chapel Street - Tioga (1823 Iowa),+1 (826) 571-2505,Knight.Hays@gmail.com,Hays,Knight
149 Roosevelt Court - Kidder (6603 Northern Mariana Islands),+1 (853) 457-3218,Kerry.Rich@gmail.com,Rich,Kerry
309 Varick Avenue - Dexter (8621 Texas),+1 (886) 553-3447,Cannon.Maynard@gmail.com,Maynard,Cannon
